{
  "cv_score": 0.949508679737057,
  "metric": "auc",
  "plain_accuracy": 0.8996629776381109,
  "balanced_accuracy": 0.8385747491763482,
  "fold_scores": [
    0.9502422907129442,
    0.9483006411196734,
    0.949757217318681,
    0.949103242040691,
    0.9501872150678278
  ],
  "fold_mean": 0.9495181212519634,
  "fold_std": 0.0007326196153846757,
  "elapsed_sec": 226.7,
  "model": "lgbm",
  "per_model_cv": {
    "lgbm": 0.949508679737057
  },
  "blend_weights": {
    "lgbm": 1.0
  },
  "postprocess": null,
  "n_features": 29,
  "n_train": 439140,
  "n_test": 188165
}