{
  "cv_score": 0.9493665130506621,
  "metric": "auc",
  "plain_accuracy": 0.8802409254451883,
  "balanced_accuracy": 0.882854285427724,
  "fold_scores": [
    0.9495798223779413,
    0.9470112310496144,
    0.9487881826972113,
    0.9480105595806416,
    0.9487215272305869
  ],
  "fold_mean": 0.9484222645871991,
  "fold_std": 0.0008630076347847184,
  "elapsed_sec": 1541.0,
  "model": [
    "lgbm",
    "catboost"
  ],
  "per_model_cv": {
    "lgbm": 0.9479536582871589,
    "catboost": 0.948876523365825
  },
  "blend_weights": {
    "lgbm": 0.49975673492345485,
    "catboost": 0.5002432650765452
  },
  "postprocess": null,
  "n_features": 27,
  "n_train": 439140,
  "n_test": 188165
}