{
  "cv_score": 0.949874152931074,
  "metric": "auc",
  "plain_accuracy": 0.9000409892061757,
  "balanced_accuracy": 0.8397998533781306,
  "fold_scores": [
    0.9503638810178758,
    0.9480952380344301,
    0.9495422467082835,
    0.948981285375849,
    0.9499647904419346
  ],
  "fold_mean": 0.9493894883156745,
  "fold_std": 0.0007931534822061258,
  "elapsed_sec": 566.6,
  "model": [
    "lgbm",
    "xgb"
  ],
  "per_model_cv": {
    "lgbm": 0.9495666686402098,
    "xgb": 0.94920482982192
  },
  "blend_weights": {
    "lgbm": 0.5000952823492935,
    "xgb": 0.49990471765070654
  },
  "postprocess": null,
  "n_features": 29,
  "n_train": 439140,
  "n_test": 188165
}