{
  "cv_score": 0.949801893076264,
  "metric": "auc",
  "plain_accuracy": 0.8997631734754292,
  "balanced_accuracy": 0.8390544540756477,
  "fold_scores": [
    0.9501053044145824,
    0.9480926311013986,
    0.9493594306442319,
    0.948897695519839,
    0.9497749075205931
  ],
  "fold_mean": 0.9492459938401291,
  "fold_std": 0.0007046402742226776,
  "elapsed_sec": 851.7,
  "model": [
    "lgbm",
    "lgbm_rf",
    "lgbm_b",
    "lgbm_c",
    "lgbm_d"
  ],
  "per_model_cv": {
    "lgbm": 0.949266597844669,
    "lgbm_rf": 0.9492603183227226,
    "lgbm_b": 0.9491971169485154,
    "lgbm_c": 0.9491906607668235,
    "lgbm_d": 0.9492775091704244
  },
  "blend_weights": {
    "lgbm": 0.20000593259455865,
    "lgbm_rf": 0.2000046095293144,
    "lgbm_b": 0.1999912933020098,
    "lgbm_c": 0.19998993301540197,
    "lgbm_d": 0.2000082315587153
  },
  "postprocess": null,
  "n_features": 29,
  "n_train": 439140,
  "n_test": 188165
}