{
  "cv_score": 0.9499155336383459,
  "metric": "auc",
  "plain_accuracy": 0.9001935601402742,
  "balanced_accuracy": 0.8399768011963982,
  "fold_scores": [
    0.9504556835860245,
    0.948201873685972,
    0.949650804323775,
    0.9489802235375349,
    0.9499763352393533
  ],
  "fold_mean": 0.9494529840745318,
  "fold_std": 0.000788316602994298,
  "elapsed_sec": 639.3,
  "model": [
    "lgbm",
    "xgb"
  ],
  "per_model_cv": {
    "lgbm": 0.9497029741921963,
    "xgb": 0.9491920905395392
  },
  "blend_weights": {
    "lgbm": 0.5001345212966598,
    "xgb": 0.49986547870334025
  },
  "postprocess": null,
  "n_features": 27,
  "n_train": 439140,
  "n_test": 188165
}