{
  "cv_score": 0.9479046597708981,
  "metric": "auc",
  "plain_accuracy": 0.8847838957963292,
  "balanced_accuracy": 0.877901574749395,
  "fold_scores": [
    0.949240559496424,
    0.9464971858088184,
    0.9482092099679587,
    0.9473341649144557,
    0.9482970224918225
  ],
  "fold_mean": 0.9479156285358957,
  "fold_std": 0.000931361709551444,
  "elapsed_sec": 347.6,
  "model": "lgbm",
  "per_model_cv": {"lgbm": 0.9479046597708981},
  "blend_weights": {"lgbm": 1.0},
  "postprocess": null,
  "n_features": 30,
  "n_train": 439140,
  "n_test": 188165
}
